{"cameraMode":{"drawMode":0,"name":"Shaded","section":"Shading Mode"},"sceneLighting":false,"audioPlay":false,"sceneViewState":{"showFog":true,"showMaterialUpdate":false,"showSkybox":false,"showFlares":true,"showImageEffects":true,"showParticleSystems":true},"in2DMode":false,"pivot":{"x":22.705324172973634,"y":1.4789752960205079,"z":72.02530670166016},"rotation":{"x":0.08669573813676834,"y":0.6866955161094666,"z":-0.08300235122442246,"w":0.7169960141181946},"size":22.0,"orthographic":false}