{"cameraMode":{"drawMode":0,"name":"Shaded","section":"Shading Mode"},"sceneLighting":false,"audioPlay":false,"sceneViewState":{"showFog":true,"showMaterialUpdate":false,"showSkybox":false,"showFlares":true,"showImageEffects":true,"showParticleSystems":true},"in2DMode":false,"pivot":{"x":41.874210357666019,"y":14.190628051757813,"z":50.62051010131836},"rotation":{"x":0.14763282239437104,"y":0.3133722245693207,"z":-0.04939383268356323,"w":0.9368059635162354},"size":16.987789154052736,"orthographic":false}