{"cameraMode":{"drawMode":0,"name":"Shaded","section":"Shading Mode"},"sceneLighting":false,"audioPlay":false,"sceneViewState":{"showFog":true,"showMaterialUpdate":false,"showSkybox":false,"showFlares":true,"showImageEffects":true,"showParticleSystems":true},"in2DMode":false,"pivot":{"x":-0.6937206983566284,"y":-1.6330324411392213,"z":10.524883270263672},"rotation":{"x":-0.11494223773479462,"y":0.3219201862812042,"z":-0.03942472115159035,"w":-0.9389894604682922},"size":3.540241241455078,"orthographic":false}